GuiTest,C:\Users\allan\IdeaProjects\time-odyssey\src\test\java\timelessodyssey\gui\GUITest.java,C:\Users\allan\IdeaProjects\time-odyssey\src\main\java\timelessodyssey\gui\GUI.java
CreditsControlller,C:\Users\allan\IdeaProjects\time-odyssey\src\main\java\timelessodyssey\control\credits\CreditsController.java,C:\Users\allan\IdeaProjects\time-odyssey\src\test\java\timelessodyssey\control\credits\CreditsControllerTest.java
particleController,C:\Users\allan\IdeaProjects\time-odyssey\src\main\java\timelessodyssey\control\game\ParticleController.java,C:\Users\allan\IdeaProjects\time-odyssey\src\test\java\timelessodyssey\control\game\ParticleControllerTest.java
PlayerController,C:\Users\allan\IdeaProjects\time-odyssey\src\main\java\timelessodyssey\control\game\PlayerController.java,C:\Users\allan\IdeaProjects\time-odyssey\src\test\java\timelessodyssey\control\game\PlayerControllerTest.java
SceneController,C:\Users\allan\IdeaProjects\time-odyssey\src\main\java\timelessodyssey\control\game\SceneController.java,C:\Users\allan\IdeaProjects\time-odyssey\src\test\java\timelessodyssey\control\game\SceneControllerTest.java
EntryController,C:\Users\allan\IdeaProjects\time-odyssey\src\main\java\timelessodyssey\control\menu\EntryController.java,C:\Users\allan\IdeaProjects\time-odyssey\src\test\java\timelessodyssey\control\menu\EntryControllerTest.java
MainMenuController,C:\Users\allan\IdeaProjects\time-odyssey\src\main\java\timelessodyssey\control\menu\EntryController.java,C:\Users\allan\IdeaProjects\time-odyssey\src\test\java\timelessodyssey\control\menu\EntryControllerTest.java
MenuController,C:\Users\allan\IdeaProjects\time-odyssey\src\main\java\timelessodyssey\control\menu\MenuController.java,C:\Users\allan\IdeaProjects\time-odyssey\src\test\java\timelessodyssey\control\menu\MenuControllerTest.java
Controller,C:\Users\allan\IdeaProjects\time-odyssey\src\main\java\timelessodyssey\control\Controller.java,C:\Users\allan\IdeaProjects\time-odyssey\src\test\java\timelessodyssey\control\ControllerTest.java
Gui,C:\Users\allan\IdeaProjects\time-odyssey\src\main\java\timelessodyssey\gui\Gui.java,C:\Users\allan\IdeaProjects\time-odyssey\src\test\java\timelessodyssey\gui\GuiTest.java
LanternaScreenCreator,C:\Users\allan\IdeaProjects\time-odyssey\src\main\java\timelessodyssey\gui\LanternaScreenCreator.java,C:\Users\allan\IdeaProjects\time-odyssey\src\test\java\timelessodyssey\gui\LanternaScreenCreatorTest.java
ResizableGUI,C:\Users\allan\IdeaProjects\time-odyssey\src\main\java\timelessodyssey\gui\ResizableGUI.java,C:\Users\allan\IdeaProjects\time-odyssey\src\test\java\timelessodyssey\gui\ResizableGUITest.java
ScreenCreator,C:\Users\allan\IdeaProjects\time-odyssey\src\main\java\timelessodyssey\gui\ScreenCreator.java,C:\Users\allan\IdeaProjects\time-odyssey\src\test\java\timelessodyssey\gui\ScreenCreatorTest.java
Credits,C:\Users\allan\IdeaProjects\time-odyssey\src\main\java\timelessodyssey\model\credits\Credits.java,C:\Users\allan\IdeaProjects\time-odyssey\src\test\java\timelessodyssey\model\credits\CreditsTest.java
DeathParticle,C:\Users\allan\IdeaProjects\time-odyssey\src\main\java\timelessodyssey\model\game\elements\particles\DeathParticle.java,C:\Users\allan\IdeaProjects\time-odyssey\src\test\java\timelessodyssey\model\game\elements\particles\DeathParticleTest.java
Particle,C:\Users\allan\IdeaProjects\time-odyssey\src\main\java\timelessodyssey\model\game\elements\particles\Particle.java,C:\Users\allan\IdeaProjects\time-odyssey\src\test\java\timelessodyssey\model\game\elements\particles\ParticleTest.java
AfterDashState,C:\Users\allan\IdeaProjects\time-odyssey\src\main\java\timelessodyssey\model\game\elements\player\AfterDashState.java,C:\Users\allan\IdeaProjects\time-odyssey\src\test\java\timelessodyssey\model\game\elements\player\AfterDashStateTest.java
DashingState,C:\Users\allan\IdeaProjects\time-odyssey\src\main\java\timelessodyssey\model\game\elements\player\DashingState.java,C:\Users\allan\IdeaProjects\time-odyssey\src\test\java\timelessodyssey\model\game\elements\player\DashingStateTest.java
DeadState,C:\Users\allan\IdeaProjects\time-odyssey\src\main\java\timelessodyssey\model\game\elements\player\DeadState.java,C:\Users\allan\IdeaProjects\time-odyssey\src\test\java\timelessodyssey\model\game\elements\player\DeadStateTest.java
FallingState,C:\Users\allan\IdeaProjects\time-odyssey\src\main\java\timelessodyssey\model\game\elements\player\FallingState.java,C:\Users\allan\IdeaProjects\time-odyssey\src\test\java\timelessodyssey\model\game\elements\player\FallingStateTest.java
IdleState,C:\Users\allan\IdeaProjects\time-odyssey\src\main\java\timelessodyssey\model\game\elements\player\IdleState.java,C:\Users\allan\IdeaProjects\time-odyssey\src\test\java\timelessodyssey\model\game\elements\player\IdleStateTest.java
JumpingState,C:\Users\allan\IdeaProjects\time-odyssey\src\main\java\timelessodyssey\model\game\elements\player\JumpingState.java,C:\Users\allan\IdeaProjects\time-odyssey\src\test\java\timelessodyssey\model\game\elements\player\JumpingStateTest.java
RunningState,C:\Users\allan\IdeaProjects\time-odyssey\src\main\java\timelessodyssey\model\game\elements\player\RunningState.java,C:\Users\allan\IdeaProjects\time-odyssey\src\test\java\timelessodyssey\model\game\elements\player\RunningStateTest.java
WalkingState,C:\Users\allan\IdeaProjects\time-odyssey\src\main\java\timelessodyssey\model\game\elements\player\WalkingState.java,C:\Users\allan\IdeaProjects\time-odyssey\src\test\java\timelessodyssey\model\game\elements\player\WalkingStateTest.java
Element,C:\Users\allan\IdeaProjects\time-odyssey\src\main\java\timelessodyssey\model\game\elements\Element.java,C:\Users\allan\IdeaProjects\time-odyssey\src\test\java\timelessodyssey\model\game\elements\ElementTest.java
Spike,C:\Users\allan\IdeaProjects\time-odyssey\src\main\java\timelessodyssey\model\game\elements\Spike.java,C:\Users\allan\IdeaProjects\time-odyssey\src\test\java\timelessodyssey\model\game\elements\SpikeTest.java
Star,C:\Users\allan\IdeaProjects\time-odyssey\src\main\java\timelessodyssey\model\game\elements\Star.java,C:\Users\allan\IdeaProjects\time-odyssey\src\test\java\timelessodyssey\model\game\elements\StarTest.java
Tile,C:\Users\allan\IdeaProjects\time-odyssey\src\main\java\timelessodyssey\model\game\elements\Tile.java,C:\Users\allan\IdeaProjects\time-odyssey\src\test\java\timelessodyssey\model\game\elements\TileTest.java
Scene,C:\Users\allan\IdeaProjects\time-odyssey\src\main\java\timelessodyssey\model\game\scene\Scene.java,C:\Users\allan\IdeaProjects\time-odyssey\src\test\java\timelessodyssey\model\game\scene\SceneTest.java